,bias2,var,mse
Actrl,0.43663549634771587,0.3349893603461815,0.7046269846246607
