,bias2,var,mse
Zctrl,0.4685212871728256,0.4474961950698558,0.8265182432287106