,bias2,var,mse
nctrl,0.6561655230811865,0.005788958402814694,0.6607966898034383
