,bias2,var,mse
Zctrl,0.44125838231658404,0.5687065428237524,0.8962236165755862
