,bias2,var,mse
oracle,0.4295642757646035,0.004963365344839559,0.43353496804047514
