,bias2,var,mse
Actrl,0.349753127403429,0.2457785512348141,0.54637596839128
