,bias2,var,mse,cov1,cov2
Zctrl,0.23938257502481566,0.02819280594107375,0.2647561003717821,0.26881720430107525,0.44086021505376344
