,bias2,var,mse,cov1,cov2
Acovctrl,0.2698978436460457,0.0015734720762393597,0.27131396851466094,0.07,0.13
