,bias2,var,mse,cov1,cov2
Actrl,0.2168069162228361,0.020036152231573172,0.23483945323125183,0.2125,0.375
