,bias2,var,mse,cov1,cov2
Zctrl,0.2104767041558711,0.02026911993546851,0.22871891209779274,0.25925925925925924,0.345679012345679
