,bias2,var,mse,cov1,cov2
Zctrl,0.19095374434774395,0.029508713427582895,0.21751158643256868,0.19230769230769232,0.4230769230769231
