,bias2,var,mse,cov1,cov2
nctrl,0.2985780260354326,2.8403441662646938e-05,0.2986035891329291,0,0
