,bias2,var,mse,cov1,cov2
Actrl,0.2060252439932885,0.018401460821046097,0.22258655873222988,0.2361111111111111,0.4166666666666667
