,bias2,var,mse,cov1,cov2
Zctrl,0.25188510119857754,0.02416256255099686,0.2736314074944747,0.2127659574468085,0.3191489361702128
