,bias2,var,mse,cov1,cov2
Zcovctrl,0.22776653951339698,0.0017173731626681792,0.22931217535979836,0.0547945205479452,0.1095890410958904
