,bias2,var,mse,cov1,cov2
oracle,0.016301117070355482,1.4344341422079035e-05,0.016314026977635357,0.01,0.01
