,bias2,var,mse,cov1,cov2
Actrl,0.20570828326928686,0.019185559512532136,0.2229752868305658,0.20689655172413793,0.39655172413793105
