,bias2,var,mse,cov1,cov2
Actrl,0.253984147737183,0.020795042622685077,0.2726996860975996,0.19230769230769232,0.3076923076923077
